aeroporto,grau,ordem_ego,tamanho_ego,densidade_ego
REC,15,16,88,0.733333
SSA,15,16,91,0.758333
FOR,11,12,58,0.878788
NAT,11,12,61,0.924242
JPA,8,9,36,1.0
GRU,19,20,115,0.605263
CGH,14,15,81,0.771429
GIG,17,18,105,0.686275
CNF,19,20,115,0.605263
VIX,8,9,34,0.944444
BSB,19,20,115,0.605263
GYN,8,9,35,0.972222
CWB,9,10,42,0.933333
FLN,9,10,40,0.888889
POA,10,11,50,0.909091
MAO,13,14,68,0.747253
BEL,9,10,45,1.0
PVH,6,7,20,0.952381
RBR,5,6,15,1.0
THE,5,6,15,1.0
